title,deal_price
RAGE 2 (English/Chinese/Korean Ver.),"Rp 144,750"
Onimusha: Warlords (English/Chinese/Japanese Ver.),"Rp 110,400"
"Steep™ – X Games Gold Edition (Simplified Chinese, English, Traditional Chinese)","Rp 114,750"
"GreedFall - Gold Edition (Simplified Chinese, English)","Rp 202,650"
"Far Cry®3 Classic Edition - Digital Standard Edition (Simplified Chinese, English, Korean, Traditional Chinese)","Rp 118,470"
"WWE 2K Battlegrounds Digital Deluxe Edition (Simplified Chinese, English, Korean, Japanese, Traditional Chinese)","Rp 311,600"
Batman: Return to Arkham (English Ver.),"Rp 55,800"
KNACK full game (English/Chinese/Korean Ver.),"Rp 149,500"
Middle-earth™: Shadow of Mordor™ - Game of the Year Edition (English Ver.),"Rp 53,200"
Mad Max - PlayStation®Hits (English Ver.),"Rp 55,800"
LocoRoco™2 Remastered (English/Chinese/Korean Ver.),"Rp 103,600"
Prey (English/Chinese Ver.),"Rp 87,250"
Prey: Digital Deluxe Edition (English/Chinese Ver.),"Rp 116,500"
PREY: Mooncrash (English/Chinese Ver.),"Rp 93,200"
"UNO (Simplified Chinese, English, Traditional Chinese)","Rp 41,400"
"UNO® Ultimate Edition (Simplified Chinese, English, Traditional Chinese)","Rp 61,500"
"Empire of Angels IV (Simplified Chinese, English, Traditional Chinese)","Rp 139,500"
"Empire of Angels IV (Simplified Chinese, English, Traditional Chinese)","Rp 139,500"
The LEGO Movie 2 Videogame (English/Chinese/Korean Ver.),"Rp 118,000"
OKAMI HD (English/Japanese Ver.),"Rp 132,500"
"Titan Quest (Simplified Chinese, English, Korean, Japanese)","Rp 150,150"
Unravel (English Ver.),"Rp 60,500"
MudRunner - American Wilds Expansion (English Ver.),"Rp 47,600"
The Disney Afternoon Collection (English Ver.),"Rp 67,000"
"Grand Theft Auto V: Premium Edition (English, Korean, Traditional Chinese)","Rp 214,500"
"Grand Theft Auto V (PlayStation®5) (Simplified Chinese, English, Korean, Traditional Chinese)","Rp 314,500"
GTA+: Megalodon Shark Cash Card (PS5™) (English/Chinese/Korean Ver.),Unavailable
GTA Online: Megalodon Shark Cash Card (PS5™) (English/Chinese/Korean Ver.),"Rp 969,850"
Megalodon  Shark Cash Card (English/Chinese/Korean Ver.),"Rp 969,850"
"Red Dead Redemption 2 (Simplified Chinese, English, Korean, Traditional Chinese)","Rp 296,000"
"Red Dead Online (Simplified Chinese, English, Korean, Traditional Chinese)","Rp 139,500"
"Far Cry 6 - Digital Standard Edition PS4 & PS5 (Simplified Chinese, English, Korean, Thai, Japanese, Traditional Chinese)","Rp 299,600"
"Stray (Simplified Chinese, English, Korean, Japanese, Traditional Chinese)","Rp 343,200"
"ACE COMBAT™ 7: SKIES UNKNOWN (English, Japanese)","Rp 136,000"
ACE COMBAT™ 7: SKIES UNKNOWN – TOP GUN: Maverick Aircraft Set- (English Ver.),"Rp 195,300"
ACE COMBAT™ 7: SKIES UNKNOWN Season Pass (English Ver.),"Rp 100,000"
ACE COMBAT™ 7: SKIES UNKNOWN 25th Anniversary DLC - Experimental Aircraft Series Set (Add-On),"Rp 74,500"
ACE COMBAT™ 7: SKIES UNKNOWN 25th Anniversary DLC - Original Aircraft Series – Set (Add-On),"Rp 74,500"
"RESIDENT EVIL 2 Deluxe Edition (Simplified Chinese, English, Korean, Thai, Japanese, Traditional Chinese)","Rp 207,300"
"Resident Evil Village PS4 & PS5 (Simplified Chinese, English, Korean, Thai, Japanese, Traditional Chinese)","Rp 415,500"
Extra Content Shop All Access Voucher PS4 & PS5 (English/Chinese/Korean/Japanese Ver.),"Rp 56,800"
Mr. Raccoon Weapon Charm PS4 & PS5 (English/Chinese/Korean/Japanese Ver.),"Rp 12,000"
Survival Resources Pack PS4 & PS5 (English/Chinese/Korean/Japanese Ver.),"Rp 12,000"
"God of War Digital Deluxe Edition (English, Korean, Traditional Chinese)","Rp 214,500"
"Marvel's Spider-Man Game Of The Year Edition (English, Korean, Traditional Chinese)","Rp 289,500"
"Tiny Tina's Wonderlands: Next-Level Edition (Simplified Chinese, English, Korean, Japanese, Traditional Chinese)","Rp 630,000"
WWE 2K22 for PS5™ (English),"Rp 499,500"
WWE 2K22 for PS4™ (English),"Rp 429,500"
Alt Heroine Colors (English/Chinese/Korean/Japanese Ver.),"Rp 33,000"
Alt Style Rank Announcers (English/Chinese/Korean/Japanese Ver.),"Rp 11,250"
Alt Title Calls (English/Chinese/Korean/Japanese Ver.),"Rp 11,250"
Cavaliere R (English/Chinese/Korean/Japanese Ver.),"Rp 33,000"
DMC1 Battle Track 3-Pack (English/Chinese/Korean/Japanese Ver.),"Rp 22,500"
DMC2 Battle Track 3-Pack (English/Chinese/Korean/Japanese Ver.),"Rp 22,500"
DMC3 Battle Track 3-Pack (English/Chinese/Korean/Japanese Ver.),"Rp 22,500"
DMC4 Battle Track 3-Pack (English/Chinese/Korean/Japanese Ver.),"Rp 22,500"
Gerbera GP01 (English/Chinese/Korean/Japanese Ver.),"Rp 11,250"
Live Action Cutscenes (English/Chinese/Korean/Japanese Ver.),"Rp 44,250"
Mega Buster (English/Chinese/Korean/Japanese Ver.),"Rp 33,000"
Pasta Breaker (English/Chinese/Korean/Japanese Ver.),"Rp 11,250"
Sweet Surrender (English/Chinese/Korean/Japanese Ver.),"Rp 33,000"
DMC5 - Playable Character: Vergil (English/Chinese/Korean/Japanese Ver.),"Rp 52,500"
DMC5 - Vergil Early Unlock Pack (Add-On),"Rp 42,000"
DMC5 -Super Vergil Unlock (English/Chinese/Korean/Japanese Ver.),"Rp 30,750"
DMC5 -Vergil Battle Track 4-Pack (English/Chinese/Korean/Japanese Ver.),"Rp 21,750"
DMC5 -Vergil EX Provocation (English/Chinese/Korean/Japanese Ver.),"Rp 21,750"
Taunt Trio (English/Chinese/Korean/Japanese Ver.),"Rp 42,000"
V ＆ Vergil Alt Colors (English/Chinese/Korean/Japanese Ver.),"Rp 22,500"
Additional Face Paint Bundle (English/Chinese/Korean/Japanese Ver.),"Rp 11,200"
Deluxe Kit (English/Chinese/Korean/Japanese Ver.),"Rp 104,250"
MHW:I -  Capcom Collection Value Pack (Add-On),"Rp 85,200"
MHW:I -  Seliana Room Value Pack (Add-On),"Rp 85,200"
MHW:I - Complete BGM Pack (Add-On),"Rp 129,000"
MHW:I - Complete Gesture & Pose Pack (Add-On),"Rp 141,000"
MHW:I - Complete Hairstyle Pack (Add-On),"Rp 85,200"
MHW:I - Complete Handler Costume Pack (Add-On),"Rp 129,000"
MHW:I - Complete Pendant Pack (Add-On),"Rp 211,200"
MHW:I - Complete Room Decor Pack (Add-On),"Rp 211,200"
MHW:I - Complete Sticker Pack (Add-On),"Rp 64,200"
MHW:I - Trendsetter Value Pack (Add-On),"Rp 85,200"
Monster Figure Bundle 1 (English/Chinese/Korean/Japanese Ver.),"Rp 167,400"
Monster Figure Bundle 2 (English/Chinese/Korean/Japanese Ver.),"Rp 167,400"
Monster Figure Bundle 3 (English/Chinese/Korean/Japanese Ver.),"Rp 226,200"
Monster Figure Bundle 4 (Add-On),"Rp 209,400"
Monster Figure Bundle 5 (Add-On),"Rp 167,400"
Back 4 Blood Annual Pass (English/Chinese/Korean/Japanese Ver.),"Rp 288,000"
1 Blue Orb (English/Chinese/Japanese Ver.),"Rp 6,500"
2 Blue Orbs (English/Chinese/Japanese Ver.),"Rp 9,500"
5 Blue Orbs (English/Chinese/Japanese Ver.),"Rp 18,500"
Lady & Trish Costume Pack (English/Chinese/Japanese Ver.),"Rp 25,000"
"Proud Souls (200,000) (English/Chinese/Japanese Ver.)","Rp 18,500"
"Red Orbs (300,000) (English/Chinese/Japanese Ver.)","Rp 12,000"
Super Nero/Super Dante/Super Vergil (English/Chinese/Japanese Ver.),"Rp 31,500"
Darksiders III Season Pass (English/Chinese/Korean/Japanese Ver.),"Rp 79,600"
Season Pass (English Ver.),"Rp 78,000"
Sofiya and the Ancient Clan PS4 & PS5 (English),"Rp 77,700"
"The Shapeshifting Detective (Simplified Chinese, English)","Rp 109,450"
Ken Follett's The Pillars of the Earth (Game),"Rp 42,900"
Silence (English/Chinese/Korean/Japanese Ver.),"Rp 27,900"
"Arietta of Spirits (Simplified Chinese, English, Japanese, Traditional Chinese)","Rp 195,300"
"The Pillar: Puzzle Escape (English, Korean, Japanese, Traditional Chinese)","Rp 34,750"
State of Mind (Game),"Rp 42,900"
"Sir Lovelot PS4 & PS5 (English, Korean, Japanese, Traditional Chinese)","Rp 55,600"
King's Quest: The Complete Collection (English Ver.),"Rp 108,800"
King's Quest: Season Pass (English Ver.),"Rp 81,600"
Monopoly Deal (English),"Rp 16,500"
Furwind (English/Chinese/Korean/Japanese Ver.),"Rp 27,800"
"Mahluk: Dark Demon (English, Japanese, Traditional Chinese)","Rp 48,650"
Alchemic Jousts (English/Chinese/Korean/Japanese Ver.),"Rp 20,000"
"Kawaii Deathu Desu (Simplified Chinese, English, Japanese, Traditional Chinese)","Rp 24,150"
"Freddy Spaghetti PS4 & PS5 (English, Japanese)","Rp 27,600"
The Long Journey Home (Game),"Rp 42,900"
"The Book of Unwritten Tales 2 (English, Korean)","Rp 83,700"
"UltraGoodness 2 PS4 & PS5 (Simplified Chinese, English, Korean, Japanese)","Rp 27,600"
"Lost Wing (English, Korean, Japanese, Traditional Chinese)","Rp 38,850"
Goodbye Deponia (Game),"Rp 13,900"
Fall of Light - Darkest Edition (English/Chinese Ver.),"Rp 41,600"
Intruders: Hide and Seek (Game),"Rp 19,900"
Shadow of Loot Box (English/Chinese/Korean/Japanese Ver.),"Rp 27,800"
Deponia (Game),"Rp 13,900"
Fast Striker (English Ver.),"Rp 30,300"
Battlezone Gold Edition (English),"Rp 47,400"
Anna's Quest (English),"Rp 41,850"
Battle Worlds: Kronos (English),"Rp 83,700"
Chaos on Deponia (Game),"Rp 13,900"
Deponia Doomsday (Game),"Rp 13,900"
"One Dog Story (English, Korean, Japanese)","Rp 59,700"
"The Letter: A  Horror Visual Novel (Simplified Chinese, English, Traditional Chinese)","Rp 167,400"
"Crossout – ""Cleaner"" Starter Bundle (English)","Rp 69,500"
"Crossout – ""Cleaner"" Starter pack (English Ver.)","Rp 69,500"
Crossout – Biter (English Ver.),"Rp 69,500"
Circuits (English/Japanese Ver.),"Rp 23,100"
Knee Deep (English),"Rp 38,500"
Brawlhalla - Collectors Pack (English/Chinese/Korean/Japanese Ver.),Unavailable
"Enlisted - Moscow/Normandy Starter Bundle (English, Japanese)","Rp 34,500"
"Enlisted - Tunisia/Berlin Starter Bundle (English, Japanese)","Rp 34,500"
Infinity Runner (English Ver.),"Rp 46,900"
Soul Axiom (English),"Rp 68,000"
1 Blue Orb (English/Chinese/Korean/Japanese Ver.),"Rp 11,250"
"100,000 Red Orbs (English/Chinese/Korean/Japanese Ver.)","Rp 15,000"
3 Blue Orbs (English/Chinese/Korean/Japanese Ver.),"Rp 22,500"
5 Blue Orbs (English/Chinese/Korean/Japanese Ver.),"Rp 33,000"
Alt Hero Colors (English/Chinese/Korean/Japanese Ver.),"Rp 22,500"
Devil May Cry 4 Special Edition - The Best (English/Chinese/Japanese Ver.),"Rp 101,700"
Unlock All Modes (English/Chinese/Japanese Ver.),"Rp 9,500"
"GRID Legends Deluxe Edition PS4 & PS5 (Simplified Chinese, English, Japanese, Traditional Chinese)","Rp 372,570"
"Mafia: Definitive Edition (Simplified Chinese, English, Korean, Japanese, Traditional Chinese)","Rp 196,000"
"Insurgency: Sandstorm - Deluxe Edition (Simplified Chinese, English, Korean, Thai, Traditional Chinese)","Rp 499,500"
Plants vs. Zombies™ Garden Warfare 2 (English/Chinese Ver.),"Rp 70,500"
Marvel vs. Capcom: Infinite - Deluxe Edition(incl. Thai) (English/Chinese/Korean/Japanese Ver.),"Rp 162,000"
Marvel vs. Capcom: Infinite - Standard Edition(incl. Thai) (English/Chinese/Korean/Japanese Ver.),"Rp 108,000"
Call of Duty®: Black Ops 4 (English/Chinese/Korean Ver.),"Rp 267,960"
Call of Duty®: Black Ops 4 - Digital Deluxe (English/Chinese/Korean Ver.),"Rp 541,600"
The Outer Worlds (English/Chinese/Korean/Japanese Ver.),"Rp 244,200"
The Outer Worlds Expansion Pass (English/Chinese/Korean/Japanese Ver.),"Rp 288,000"
The Outer Worlds: Murder on Eridanos (English/Chinese/Korean/Japanese Ver.),"Rp 143,000"
The Outer Worlds: Peril on Gorgon (English/Chinese/Korean/Japanese Ver.),"Rp 143,000"
"Far Cry 5 + Far Cry New Dawn Deluxe Edition Bundle (Simplified Chinese, English, Korean, Traditional Chinese)","Rp 244,750"
"Far Cry 5 Gold Edition + Far Cry New Dawn Deluxe Edition Bundle (Simplified Chinese, English, Korean, Traditional Chinese)","Rp 321,250"
"For Honor - Digital Standard Edition (Simplified Chinese, English, Korean)","Rp 189,750"
For Honor - Marching Fire Expansion Pack (English/Chinese/Korean Ver.),"Rp 103,500"
For Honor - Year 1 Heroes Bundle (English/Chinese/Korean Ver.),"Rp 146,700"
For Honor - Year 3 Pass (English/Chinese/Korean Ver.),"Rp 103,500"
Call of Duty®: Black Ops III - Zombies Chronicles Edition (English/Chinese Ver.),"Rp 261,690"
Call of Duty®: Black Ops III - Zombies Chronicles Deluxe (English/Chinese Ver.),"Rp 520,000"
inFAMOUS Second Son™ PlayStation®Hits (English/Chinese/Korean Ver.),"Rp 139,500"
LEGO® Marvel's Avengers Deluxe Edition (English Ver.),"Rp 197,600"
"Monster Hunter World: Iceborne Master Edition (Simplified Chinese, English, Korean, Japanese, Traditional Chinese)","Rp 446,250"
"Monster Hunter World: Iceborne Master Edition Digital Deluxe (Simplified Chinese, English, Korean, Japanese, Traditional Chinese)","Rp 553,500"
Monster Hunter World: Iceborne (English/Chinese/Korean/Japanese Ver.),"Rp 280,060"
Monster Hunter World: Iceborne Deluxe Kit (English/Chinese/Korean/Japanese Ver.),"Rp 161,250"
Monster Hunter World: Iceborne Digital Deluxe (English/Chinese/Korean/Japanese Ver.),"Rp 398,650"
Monster Hunter: World - Complete Gesture Pack (English/Chinese/Korean/Japanese Ver.),"Rp 148,400"
Monster Hunter: World - Complete Handler Costume Pack (English/Chinese/Korean/Japanese Ver.),"Rp 88,400"
Monster Hunter: World - Complete Sticker Pack (English/Chinese/Korean/Japanese Ver.),"Rp 59,200"
Monster Hunter: World - DLC Collection (English/Chinese/Korean/Japanese Ver.),"Rp 225,340"
"Assassin's Creed Origins - Digital Standard Edition (Simplified Chinese, English, Korean, Traditional Chinese)","Rp 131,800"
War Thunder -  French Starter Pack (English/Chinese/Korean/Japanese Ver.),"Rp 69,500"
War Thunder - British Starter Pack (English/Chinese/Korean/Japanese Ver.),"Rp 69,500"
War Thunder - Chinese Starter Pack (English/Chinese/Korean Ver.),"Rp 69,500"
"War Thunder - German Starter Bundle (English, Japanese)","Rp 34,500"
War Thunder - German Beginner's Pack (English/Chinese/Korean/Japanese Ver.),"Rp 34,500"
War Thunder - Italian Starter Pack (English/Chinese/Korean/Japanese Ver.),"Rp 69,500"
War Thunder - Japanese Starter Pack (English/Chinese/Korean/Japanese Ver.),"Rp 69,500"
War Thunder - Swedish Starter Pack (English/Chinese/Korean Ver.),"Rp 69,500"
"War Thunder - US Starter Bundle (English, Japanese)","Rp 34,500"
War Thunder - US Starter Pack (English Ver.),"Rp 36,000"
War Thunder - USSR Starter Pack (English Ver.),"Rp 54,000"
"Borderlands 3 PS4™ &  PS5™ (Simplified Chinese, English, Korean, Japanese, Traditional Chinese)","Rp 222,500"
"Borderlands 3: Super Deluxe Edition PS4™ &  PS5™ (Simplified Chinese, English, Korean, Japanese, Traditional Chinese)","Rp 382,800"
Borderlands 3 Season Pass Bundle (Add-On),"Rp 399,600"
LEGO® Marvel's Avengers Deluxe Edition (Chinese Ver.),"Rp 197,600"
Ultimate Chicken Horse (English/Chinese/Korean/Japanese Ver.),"Rp 58,000"
Street Fighter 30th Anniversary Collection (English/Chinese/Korean/Japanese Ver.),"Rp 175,200"
Outlast 2 (English/Chinese Ver.),"Rp 33,300"
Assassin's Creed® III Remastered - Digital Standard Edition (English/Chinese/Korean/Japanese Ver.),"Rp 183,600"
"OlliOlli World - Rad Edition (PS4/PS5) (Simplified Chinese, English, Korean, Japanese, Traditional Chinese)","Rp 425,040"
Ultra Street Fighter IV (English/Korean/Japanese Ver.),"Rp 163,000"
Ni no Kuni™ II: Revenant Kingdom (English),"Rp 102,000"
Ni no Kuni™ II: Revenant Kingdom - The Prince's Edition (English),"Rp 136,500"
Ni no Kuni™ II: Revenant Kingdom - Season Pass (English Ver.),"Rp 92,000"
"Marvel's Iron Man VR Digital Deluxe Edition (English, Korean, Japanese, Traditional Chinese)","Rp 349,500"
"Far Cry 4 - Digital Gold Edition (English, Korean)","Rp 171,270"
Far Cry 4 - Season Pass (English/Korean Ver.),"Rp 86,790"
DmC Devil May Cry: Definitive Edition full game (English/Japanese Ver.),"Rp 121,250"
"Ace Attorney Turnabout Collection (English, Japanese)","Rp 499,380"
"The Great Ace Attorney Chronicles (English, Japanese)","Rp 355,880"
EARTH DEFENSE FORCE: IRON RAIN Deluxe Edition (English/Chinese/Korean/Japanese Ver.),"Rp 213,500"
LEGO® Jurassic World™ (English Ver.),"Rp 157,600"
"Saints Row: The Third Remastered (English, Korean)","Rp 149,000"
"Saints Row: The Third Remastered (English, Korean)","Rp 149,000"
ULTIMATE MARVEL VS. CAPCOM 3 (English/Japanese Ver.),"Rp 97,800"
"Shadow Tactics: Blades of the Shogun (Simplified Chinese, English, Korean, Japanese)","Rp 57,900"
"MX vs ATV Legends Leader Pack (Simplified Chinese, English, Korean, Japanese)","Rp 663,200"
Dishonored 2 (English/Chinese Ver.),"Rp 85,800"
The Elder Scrolls Online: High Isle Upgrade (Add-On),"Rp 289,500"
"Aliens: Fireteam Elite PS4 & PS5 (Simplified Chinese, English, Korean, Traditional Chinese)","Rp 278,850"
Devil May Cry HD Collection (English/Chinese/Japanese Ver.),"Rp 133,960"
"Bloodshore (Simplified Chinese, English, Korean, Japanese)","Rp 119,400"
AER - Memories of Old (English/Chinese/Korean/Japanese Ver.),"Rp 19,900"
"Assassin's Creed Unity - Digital Standard Edition (English, Korean, Traditional Chinese)","Rp 78,900"
"Tom Clancy’s Rainbow Six Extraction PS4 & PS5 (Simplified Chinese, English, Korean, Thai, Japanese, Traditional Chinese)","Rp 257,500"
Outlaw Tribe Nemesis Expansion (English/Chinese/Korean Ver.),"Rp 59,700"
Slaughter Tribe Nemesis Expansion (English/Chinese/Korean Ver.),"Rp 59,700"
The Blade of Galadriel Story Expansion (English/Chinese/Korean Ver.),"Rp 59,700"
The Desolation of Mordor Story Expansion (English/Chinese/Korean Ver.),"Rp 79,500"
Assassin's Creed® IV Black Flag - Digital Standard Edition – PlayStation®Hits (English),"Rp 83,700"
Season Pass (English Ver.),"Rp 49,250"
HITMAN™ - GOTY Legacy Pack (Game),Unavailable
UNCHARTED: The Nathan Drake Collection™ PlayStation®Hits (English/Chinese/Korean Ver.),"Rp 111,600"
"THE IDOLM@STER STARLIT SEASON Digital Deluxe Edition (Simplified Chinese, Korean, Traditional Chinese)","Rp 631,950"
Phoenix Wright: Ace Attorney Trilogy (English/Chinese/Korean/Japanese Ver.),"Rp 217,000"
"「Far Cry 5 - Digital Gold Edition」+「Far Cry 4 - Gold Edition」+「Far Cry 3 Classic - Digital Standard Edition」Bundle (Simplified Chinese, English, Korean, Traditional Chinese)","Rp 528,000"
"Far Cry 5 - Digital Standard Edition (Simplified Chinese, English, Korean, Traditional Chinese)","Rp 164,750"
LittleBigPlanet™ 3 PlayStation®Hits (English/Chinese/Korean Ver.),"Rp 139,500"
Monster Energy Supercross - The Official Videogame 4 (English),"Rp 115,800"
Monster Energy Supercross - The Official Videogame 4 (English),"Rp 115,800"
Monster Energy Supercross 4 - Special Edition (English),"Rp 124,350"
Monster Energy Supercross 4 - Special Edition (English),"Rp 124,350"
"Night Book (Simplified Chinese, English, Korean, Japanese)","Rp 109,450"
Kill It With Fire: Exterminator Edition (English),"Rp 139,500"
One Night Stand (English/Chinese Ver.),"Rp 23,460"
"I Saw Black Clouds (Simplified Chinese, English, Korean, Japanese)","Rp 119,400"
FullBlast (English/Chinese/Korean/Japanese Ver.),"Rp 24,900"
"Smoots Golf PS4 & PS5 (English, Korean, Japanese, Traditional Chinese)","Rp 69,500"
"Eight Dragons (PS4 & PS5) (Simplified Chinese, English, Japanese, Traditional Chinese)","Rp 44,400"
GhoulBoy (English/Chinese/Korean/Japanese Ver.),"Rp 29,800"
"The Dwarves (Simplified Chinese, English, Korean)","Rp 173,700"
"Rebel Cops (Simplified Chinese, English, Korean, Japanese)","Rp 55,600"
"Wildcat Gun Machine (Simplified Chinese, English, Korean, Thai, Japanese, Traditional Chinese)","Rp 119,400"
"Beat Souls PS4 & PS5 (Simplified Chinese, English, Japanese, Traditional Chinese)","Rp 69,500"
"CASE: Animatronics (Simplified Chinese, English, Korean, Thai, Japanese, Traditional Chinese)","Rp 55,600"
EARTH DEFENSE FORCE 5 SEASON PASS (English/Chinese/Korean Ver.),"Rp 174,000"
"EA STAR WARS™ TRIPLE BUNDLE (Simplified Chinese, English, Korean, Japanese, Traditional Chinese)","Rp 338,700"
Capcom Belt Action Collection (English/Chinese/Japanese Ver.),"Rp 138,000"
Sword ＆ Fairy 6 (English/Chinese Ver.),"Rp 120,600"
Crash Bandicoot™ - Crashiversary Bundle (English),"Rp 764,550"
Crash Bandicoot™ - Quadrilogy Bundle (English),"Rp 645,000"
Pantsu Hunter: Back to the 90s (English Ver.),"Rp 42,000"
"Ice Cream Surfer PS4 & PS5 (English, Korean, Japanese, Traditional Chinese)","Rp 72,150"
BDSM: Big Drunk Satanic Massacre (English/Chinese/Korean/Japanese Ver.),"Rp 55,800"
Breakneck City PS4 & PS5 (English),"Rp 69,500"
"Project Starship X (English, Japanese)","Rp 41,700"
"Super Robot Wars 30 Digital Deluxe Edition (English, Japanese)","Rp 647,400"
DRAGON BALL FighterZ Ultimate Edition (English),"Rp 178,500"
"Just Dance 2022 PS5 (Simplified Chinese, English, Korean, Japanese, Traditional Chinese)","Rp 239,600"
"Just Dance 2022 PS4 (Simplified Chinese, English, Korean, Japanese, Traditional Chinese)","Rp 239,600"
"Just Dance 2022 Ultimate Edition PS5 (Simplified Chinese, English, Korean, Japanese, Traditional Chinese)","Rp 424,500"
"Just Dance 2022 Ultimate Edition PS4 (Simplified Chinese, English, Korean, Japanese, Traditional Chinese)","Rp 424,500"
SD GUNDAM G GENERATION CROSS RAYS (English Ver.),"Rp 219,750"
SD GUNDAM G GENERATION CROSS RAYS SEASON PASS (English Ver.),"Rp 139,600"
SD GUNDAM G GENERATION CROSS RAYS Expansion Pack (English Ver.),"Rp 56,000"
"MOBILE SUIT GUNDAM EXTREME VS. MAXIBOOST ON (English, Japanese)","Rp 246,120"
"Sniper Ghost Warrior Contracts 2 Ultimate Edition (Simplified Chinese, English, Korean, Japanese, Traditional Chinese)","Rp 279,600"
"Grand Theft Auto: The Trilogy – The Definitive Edition (PS5 & PS4) (Simplified Chinese, English, Korean, Traditional Chinese)","Rp 414,500"
Ghost Recon Breakpoint - Standard Edition (English/Chinese/Korean/Japanese Ver.),"Rp 187,250"
"RESIDENT EVIL 7 biohazard (Simplified Chinese, English, Korean, Thai, Japanese, Traditional Chinese)","Rp 138,500"
"RESIDENT EVIL 7 biohazard Gold Edition (Simplified Chinese, English, Korean, Thai, Japanese, Traditional Chinese)","Rp 222,400"
RESIDENT EVIL 7 Banned Footage Vol.1 (Add-On),"Rp 67,000"
RESIDENT EVIL 7 Banned Footage Vol.2 (Add-On),"Rp 101,000"
RESIDENT EVIL 7 End of Zoe (English/Chinese/Korean/Japanese Ver.),"Rp 101,000"
RESIDENT EVIL 7 biohazard Season Pass (Add-On),"Rp 207,500"
"Sid Meier's Civilization VI (Simplified Chinese, English, Korean, Japanese, Traditional Chinese)","Rp 135,000"
Sid Meier’s Civilization® VI Anthology Upgrade Bundle (Add-On),"Rp 349,500"
"DEATHLOOP (Simplified Chinese, English, Korean, Traditional Chinese)","Rp 331,600"
Shadow of the Tomb Raider: Definitive Edition (Game),"Rp 184,470"
"The Crew 2 Special Edition (Simplified Chinese, English, Korean, Traditional Chinese)","Rp 149,800"
Worms™ Battlegrounds (English),"Rp 21,600"
inFAMOUS First Light™ full game (English/Chinese/Korean Ver.),"Rp 85,000"
Dishonored®: Death of the Outsider™ (English/Chinese Ver.),"Rp 92,500"
"Late Shift (Simplified Chinese, English, Korean, Japanese, Traditional Chinese)","Rp 55,000"
Dishonored®: Definitive Edition (English),"Rp 65,000"
Disgaea 5: Alliance of Vengeance (English Ver.),"Rp 135,600"
DEAD OR SCHOOL (English/Chinese/Japanese Ver.),"Rp 156,400"
Injustice: Gods Among Us Ultimate Edition full game (English Ver.),"Rp 59,540"
GOD WARS Future Past (Game),"Rp 92,850"
GOD WARS Future Past (Chinese Ver.),"Rp 82,350"
Generation Zero® (English),"Rp 129,300"
"Focus Indies Bundle - Curse of the Dead Gods + Shady Part of Me + Aeon Must Die! (Simplified Chinese, English, Korean, Japanese, Traditional Chinese)","Rp 289,500"
"FMV Comedy Bundle (Simplified Chinese, English, Korean)","Rp 279,200"
"Tearaway™ Unfolded (Simplified Chinese, English, Korean)","Rp 135,600"
"Pretty Girls Mahjong Solitaire Green + Blue Bundle (PS4 & PS5) (Simplified Chinese, English, Japanese, Traditional Chinese)","Rp 69,500"
"Battle Chasers: Nightwar (Simplified Chinese, English, Korean, Japanese)","Rp 128,700"
Hitman HD Enhanced Collection (English Ver.),"Rp 121,350"
Motorbike Racing Bundle (English),"Rp 104,850"
STRIDER full game (English/Japanese Ver.),"Rp 51,300"
"Discovery Tour: Viking Age PS4 & PS5 (Simplified Chinese, English, Korean, Japanese, Traditional Chinese)","Rp 173,400"
Worms Armageddon [PS1 Emulation] (English),"Rp 97,300"
Worms World Party [PS1 Emulation] (English),"Rp 48,300"
Gauntlet: Slayer Edition (English Ver.),"Rp 54,000"
Smoots Summer Games (English/Japanese Ver.),"Rp 41,700"
Assassin's Creed Odyssey - Season Pass (English/Chinese/Korean Ver.),"Rp 229,500"
STREET FIGHTER V + Shinkiro Theme (English/Japanese Ver.),"Rp 64,000"
STREET FIGHTER V + Shinkiro Theme (Game),"Rp 64,000"
Street Fighter V: Champion Edition (English/Japanese Ver.),"Rp 203,000"
Street Fighter V: Champion Edition (English/Chinese/Korean/Japanese Ver.),"Rp 203,000"
Street Fighter V: Champion Edition + Season 5 Premium Pass Bundle (Game),"Rp 408,480"
Street Fighter V: Champion Edition + Season 5 Premium Pass Bundle (Game),"Rp 408,480"
Street Fighter V - Champion Edition Upgrade Kit (English/Japanese Ver.),"Rp 166,500"
Street Fighter V - Champion Edition Upgrade Kit (English/Chinese/Korean/Japanese Ver.),"Rp 166,500"
Street Fighter V - Season 5 Character Pass (Add-On),"Rp 162,000"
Street Fighter V - Season 5 Character Pass (Add-On),"Rp 162,000"
Street Fighter V - Season 5 Premium Pass (Add-On),"Rp 284,500"
Street Fighter V - Season 5 Premium Pass (Add-On),"Rp 284,500"
Street Fighter V: Champion Edition Upgrade Kit + Season 5 Premium Pass Bundle (Add-On),"Rp 352,500"
Street Fighter V: Champion Edition Upgrade Kit + Season 5 Premium Pass Bundle (Add-On),"Rp 352,500"
DRAGON BALL Z: KAKAROT (English),"Rp 224,700"
DRAGON BALL Z: KAKAROT Season Pass (Add-On),"Rp 174,500"
"F1® Manager 2022 (Simplified Chinese, English, Japanese)","Rp 623,200"
Madden NFL 23 PS5™ (English),"Rp 655,850"
Madden NFL 23 PS4™ (English),"Rp 551,850"
"UFC® 4 (Simplified Chinese, English, Korean, Japanese, Traditional Chinese)","Rp 161,310"
"STRANGER OF PARADISE FINAL FANTASY ORIGIN PS4 & PS5 (English, Japanese)","Rp 580,300"
"STRANGER OF PARADISE FINAL FANTASY ORIGIN PS4 & PS5 (Simplified Chinese, Korean, Traditional Chinese)","Rp 580,300"
"MONSTER HUNTER: WORLD™ (Simplified Chinese, English, Korean, Japanese, Traditional Chinese)","Rp 209,250"
"The Crew 2 - Digital Standard Edition (Simplified Chinese, English, Korean, Traditional Chinese)","Rp 114,000"
"Tom Clancy's Rainbow Six Siege Operator Edition (Simplified Chinese, English, Korean, Thai, Japanese, Traditional Chinese)","Rp 251,650"
"Tom Clancy's Rainbow Six Siege Deluxe Edition (Simplified Chinese, English, Korean, Thai, Japanese, Traditional Chinese)","Rp 86,250"
"Tom Clancy's Rainbow Six Siege Ultimate Edition (Simplified Chinese, English, Korean, Thai, Japanese, Traditional Chinese)","Rp 371,600"
"SnowRunner - Premium Edition (Simplified Chinese, English, Korean, Traditional Chinese)","Rp 497,400"
"SnowRunner - Premium Edition (Simplified Chinese, English, Traditional Chinese)","Rp 497,400"
God of War™ III Remastered PlayStation®Hits (English/Chinese Ver.),"Rp 154,500"
"Immortals Fenyx Rising - Digital Standard Edition PS4 & PS5 (Simplified Chinese, English, Korean, Japanese, Traditional Chinese)","Rp 187,250"
"IMMORTALS FENYX RISING SEASON PASS (Simplified Chinese, English, Korean, Japanese, Traditional Chinese)","Rp 204,500"
"Sakuna: Of Rice and Ruin (Simplified Chinese, English, Korean, Japanese, Traditional Chinese)","Rp 188,300"
"Sakuna: Of Rice and Ruin - Digital Deluxe Edition (Simplified Chinese, English, Korean, Japanese, Traditional Chinese)","Rp 244,300"
"Batman: Arkham Collection (English, Korean)","Rp 166,000"
"Capcom Fighting Bundle (Simplified Chinese, English, Korean, Japanese, Traditional Chinese)","Rp 540,150"
"Capcom Fighting Collection (Simplified Chinese, English, Korean, Japanese, Traditional Chinese)","Rp 415,500"
"Teenage Mutant Ninja Turtles: The Cowabunga Collection PS4 & PS5 (English, Japanese)","Rp 419,050"
"Capcom Arcade Stadium Pack 1: Dawn of the Arcade (’84 – ’88) (Simplified Chinese, English, Korean, Thai, Japanese, Traditional Chinese)","Rp 147,560"
"Capcom Arcade Stadium Pack 2: Arcade Revolution (’89 – ’92) (Simplified Chinese, English, Korean, Thai, Japanese, Traditional Chinese)","Rp 147,560"
"Capcom Arcade Stadium Pack 3: Arcade Evolution (’92 – ’01) (Simplified Chinese, English, Korean, Thai, Japanese, Traditional Chinese)","Rp 147,560"
"Capcom Arcade Stadium Packs 1, 2, and 3 (Simplified Chinese, English, Korean, Thai, Japanese, Traditional Chinese)","Rp 288,000"
KNACK 2 (English/Chinese/Korean Ver.),"Rp 214,500"
"Ratchet ＆ Clank™ PlayStation®Hits (Simplified Chinese, English, Korean)","Rp 111,600"
"DIRT 5 PS4 & PS5 (Simplified Chinese, English, Korean, Japanese)","Rp 232,120"
"Mafia: Trilogy (Simplified Chinese, English, Korean, Japanese, Traditional Chinese)","Rp 339,600"
The Elder Scrolls Online Collection: High Isle - PS4 & PS5 (English),"Rp 414,500"
WWE 2K22 nWo 4-Life Edition (English),"Rp 1,019,400"
WWE 2K22 Season Pass for PS5™ (English Ver.),"Rp 471,750"
"Overcooked! All You Can Eat (Simplified Chinese, English, Korean, Thai, Japanese, Traditional Chinese)",Unavailable
"Assassin's Creed Valhalla - Digital Standard Edition PS4 & PS5 (Simplified Chinese, English, Korean, Japanese, Traditional Chinese)","Rp 247,170"
"Assassin's Creed Valhalla Ragnarök Edition PS4 & PS5 (Simplified Chinese, English, Korean, Japanese, Traditional Chinese)","Rp 414,750"
"Assassin’s Creed® Valhalla + Immortals Fenyx Rising™ Bundle (Simplified Chinese, English, Korean, Japanese, Traditional Chinese)","Rp 491,700"
"Assassin’s Creed® Valhalla + Immortals Fenyx Rising™ Bundle (Simplified Chinese, English, Korean, Japanese, Traditional Chinese)","Rp 491,700"
"Assassin's Creed Valhalla: Dawn of Ragnarök (Simplified Chinese, English, Korean, Japanese, Traditional Chinese)","Rp 257,500"
"Far Cry 6 - Digital Gold Edition PS4 & PS5 (Simplified Chinese, English, Korean, Thai, Japanese, Traditional Chinese)","Rp 411,600"
"Far Cry® 6 Season Pass (Simplified Chinese, English, Korean, Japanese, Traditional Chinese)","Rp 204,500"
"Riders Republic - Deluxe Edition PS4 & PS5 (Simplified Chinese, English, Korean, Japanese, Traditional Chinese)","Rp 306,570"
"Riders Republic Ultimate Edition PS4 & PS5 (Simplified Chinese, English, Korean, Japanese, Traditional Chinese)","Rp 408,870"
"Watch Dogs: Legion - Gold Edition PS4 & PS5 (Simplified Chinese, English, Korean, Japanese, Traditional Chinese)","Rp 257,250"
"Watch Dogs: Legion PS4 & PS5 (Simplified Chinese, English, Korean, Japanese, Traditional Chinese)","Rp 187,250"
"Watch Dogs: Legion PS4 & PS5 (Simplified Chinese, English, Korean, Japanese, Traditional Chinese)","Rp 187,250"
"Tales of ARISE：Ultimate Edition PS4 & PS5 (English, Japanese)","Rp 794,500"
"F1® 22 Champions Edition  PS4™ & PS5™ (Simplified Chinese, English, Japanese)","Rp 677,400"
"Devil May Cry 5 + Vergil (English, Japanese)","Rp 138,270"
Devil May Cry 5 Deluxe Upgrade (English/Chinese/Korean/Japanese Ver.),"Rp 133,900"
In-game Unlock Bundle (English/Chinese/Korean/Japanese Ver.),"Rp 72,750"
Super Character 3-Pack (English/Chinese/Korean/Japanese Ver.),"Rp 63,000"
TEKKEN 7 - Originals Edition (English),"Rp 269,750"
ONE PIECE: PIRATE WARRIORS 4 - Deluxe Edition (English Ver.),"Rp 269,750"
"Assassin's Creed Odyssey - Digital Standard Edition (Simplified Chinese, English, Korean, Traditional Chinese)","Rp 186,250"
